{
  "project_info": {
    "project_number": "31449495880",
    "project_id": "beat-bazaar-1320",
    "storage_bucket": "beat-bazaar-1320.appspot.com"
  },
  "client": [
    {
      "client_info": {
        "mobilesdk_app_id": "1:31449495880:android:61251045c413c152da5b7d",
        "android_client_info": {
          "package_name": "com.app.beatbaza"
        }
      },
      "oauth_client": [],
      "api_key": [
        {
          "current_key": "AIzaSyBLeZ-C5oVdrUCOjLsv_9e-Lek5Jv_SyF0"
        }
      ],
      "services": {
        "appinvite_service": {
          "other_platform_oauth_client": []
        }
      }
    }
  ],
  "configuration_version": "1"
}